TEST1,no
TEST2,no
TEST3,no
TEST4,no
TEST5,no
TEST6,no
TEST7,no
TEST8,no
TEST9,no
TEST10,no
TEST11,no
TEST12,no
TEST13,no
TEST14,no
TEST15,no
TEST16,no
TEST17,no
TEST18,no
TEST19,no
TEST20,no
TEST21,no
TEST22,no
TEST23,no
TEST24,no
TEST25,no
TEST26,no
TEST27,no
TEST28,no
TEST29,no
TEST30,no
TEST31,no
TEST32,no
TEST33,no
TEST34,no
TEST35,no
TEST36,no
TEST37,no
TEST38,no
TEST39,no
TEST40,no
TEST41,no
TEST42,no
TEST43,no
TEST44,no
TEST45,no
TEST46,no
TEST47,no
TEST48,no
TEST49,no
TEST50,no
TEST51,no
TEST52,no
TEST53,no
TEST54,no
TEST55,no
TEST56,no
TEST57,no
TEST58,no
TEST59,no
TEST60,no
TEST61,no
TEST62,no
TEST63,no
TEST64,no
TEST65,no
TEST66,no
TEST67,no
TEST68,no
TEST69,no
TEST70,no
TEST71,no
TEST72,no
TEST73,no
TEST74,no
TEST75,no
TEST76,no
TEST77,no
TEST78,no
TEST79,no
TEST80,no
TEST81,no
TEST82,no
TEST83,no
TEST84,no
TEST85,no
TEST86,no
TEST87,no
TEST88,no
TEST89,no
TEST90,no
TEST91,no
TEST92,no
TEST93,no
TEST94,no
TEST95,no
TEST96,no
TEST97,no
TEST98,no
TEST99,no
TEST100,no
TEST101,no
TEST102,no
TEST103,no
TEST104,no
TEST105,no
TEST106,no
TEST107,no
TEST108,no
TEST109,no
TEST110,no
TEST111,no
TEST112,no
TEST113,no
TEST114,no
TEST115,no
TEST116,no
TEST117,no
TEST118,no
TEST119,no
TEST120,no
TEST121,no
TEST122,no
TEST123,no
TEST124,no
TEST125,no
TEST126,no
TEST127,no
TEST128,no
TEST129,no
TEST130,no
TEST131,no
TEST132,no
TEST133,no
TEST134,no
TEST135,no
TEST136,no
TEST137,no
TEST138,no
TEST139,no
TEST140,no
TEST141,no
TEST142,no
TEST143,no
TEST144,no
TEST145,no
TEST146,no
TEST147,no
TEST148,no
TEST149,no
TEST150,no
TEST151,no
TEST152,no
TEST153,no
TEST154,no
TEST155,no
TEST156,no
TEST157,no
TEST158,no
TEST159,no
TEST160,no
TEST161,no
TEST162,no
TEST163,no
TEST164,no
TEST165,no
TEST166,no
TEST167,no
TEST168,no
TEST169,no
TEST170,no
TEST171,no
TEST172,no
TEST173,no
TEST174,no
TEST175,no
TEST176,no
TEST177,no
TEST178,no
TEST179,no
TEST180,no
TEST181,no
TEST182,no
TEST183,no
TEST184,no
TEST185,no
TEST186,no
TEST187,no
TEST188,no
TEST189,no
TEST190,no
TEST191,no
TEST192,no
TEST193,no
TEST194,no
TEST195,no
TEST196,no
TEST197,no
TEST198,no
TEST199,no
TEST200,no
TEST201,no
TEST202,no
TEST203,no
TEST204,no
TEST205,no
TEST206,no
TEST207,no
TEST208,no
TEST209,no
TEST210,no
TEST211,no
TEST212,no
TEST213,no
TEST214,no
TEST215,yes
TEST216,no
TEST217,no
TEST218,no
TEST219,no
TEST220,no
TEST221,no
TEST222,no
TEST223,no
TEST224,no
TEST225,no
TEST226,no
TEST227,no
TEST228,no
TEST229,no
TEST230,no
TEST231,no
TEST232,no
TEST233,no
TEST234,no
TEST235,no
TEST236,no
TEST237,no
TEST238,no
TEST239,no
TEST240,no
TEST241,no
TEST242,no
TEST243,no
TEST244,no
TEST245,no
TEST246,no
TEST247,no
TEST248,no
TEST249,no
TEST250,no
TEST251,no
TEST252,no
TEST253,no
TEST254,no
TEST255,no
TEST256,no
TEST257,no
TEST258,no
TEST259,no
TEST260,no
TEST261,no
TEST262,no
TEST263,no
TEST264,no
TEST265,no
TEST266,no
TEST267,no
TEST268,no
TEST269,no
TEST270,no
TEST271,no
TEST272,no
TEST273,no
TEST274,no
TEST275,no
TEST276,no
TEST277,no
TEST278,no
TEST279,no
TEST280,no
TEST281,no
TEST282,no
TEST283,no
TEST284,no
TEST285,no
TEST286,no
TEST287,no
TEST288,no
TEST289,no
TEST290,no
TEST291,no
TEST292,no
TEST293,no
TEST294,no
TEST295,no
TEST296,no
TEST297,no
TEST298,no
TEST299,no
TEST300,no
TEST301,no
TEST302,no
TEST303,no
TEST304,no
TEST305,no
TEST306,no
TEST307,no
TEST308,no
TEST309,no
TEST310,no
TEST311,no
TEST312,no
TEST313,no
TEST314,no
TEST315,no
TEST316,no
TEST317,no
TEST318,no
TEST319,no
TEST320,no
TEST321,no
TEST322,no
TEST323,no
TEST324,no
TEST325,no
TEST326,no
TEST327,no
TEST328,no
TEST329,no
TEST330,no
TEST331,no
TEST332,no
TEST333,no
TEST334,no
TEST335,no
TEST336,no
TEST337,no
TEST338,no
TEST339,no
TEST340,no
TEST341,no
TEST342,no
TEST343,no
TEST344,no
TEST345,no
TEST346,no
TEST347,no
TEST348,no
TEST349,no
TEST350,no
TEST351,no
TEST352,no
TEST353,no
TEST354,no
TEST355,no
TEST356,no
TEST357,no
TEST358,no
TEST359,no
TEST360,no
TEST361,no
TEST362,no
TEST363,no
TEST364,no
TEST365,no
TEST366,no
TEST367,no
TEST368,no
TEST369,no
TEST370,no
TEST371,no
TEST372,no
TEST373,no
TEST374,no
TEST375,no
TEST376,no
TEST377,no
TEST378,no
TEST379,no
TEST380,no
TEST381,no
TEST382,no
TEST383,no
TEST384,no
TEST385,no
TEST386,no
TEST387,no
TEST388,no
TEST389,no
TEST390,no
TEST391,no
TEST392,no
TEST393,no
TEST394,no
TEST395,no
TEST396,no
TEST397,no
TEST398,no
TEST399,no
TEST400,no
TEST401,no
TEST402,no
TEST403,no
TEST404,no
TEST405,no
TEST406,no
TEST407,no
TEST408,no
TEST409,no
TEST410,no
TEST411,no
TEST412,no
TEST413,no
TEST414,no
TEST415,no
TEST416,no
TEST417,no
TEST418,no
TEST419,no
TEST420,no
TEST421,no
TEST422,no
TEST423,no
TEST424,no
TEST425,no
TEST426,no
TEST427,no
TEST428,no
TEST429,no
TEST430,no
TEST431,no
TEST432,no
TEST433,no
TEST434,no
TEST435,no
TEST436,no
TEST437,no
TEST438,no
TEST439,no
TEST440,no
TEST441,no
TEST442,no
TEST443,no
TEST444,no
TEST445,no
TEST446,no
TEST447,no
TEST448,no
TEST449,no
TEST450,no
TEST451,no
TEST452,no
TEST453,no
TEST454,no
TEST455,no
TEST456,no
TEST457,no
TEST458,no
TEST459,no
TEST460,no
TEST461,no
TEST462,no
TEST463,no
TEST464,no
TEST465,no
TEST466,no
TEST467,yes
TEST468,no
TEST469,no
TEST470,no
TEST471,no
TEST472,no
TEST473,no
TEST474,no
TEST475,no
TEST476,no
TEST477,no
TEST478,no
TEST479,no
TEST480,no
TEST481,no
TEST482,no
TEST483,no
TEST484,no
TEST485,no
TEST486,no
TEST487,no
TEST488,no
TEST489,no
TEST490,no
TEST491,no
TEST492,no
TEST493,no
TEST494,no
TEST495,no
TEST496,no
TEST497,no
TEST498,no
TEST499,no
TEST500,no
TEST501,no
TEST502,no
TEST503,no
TEST504,no
TEST505,no
TEST506,no
TEST507,no
TEST508,no
TEST509,no
TEST510,no
TEST511,no
TEST512,no
TEST513,no
TEST514,no
TEST515,no
TEST516,no
TEST517,no
TEST518,no
TEST519,no
TEST520,no
TEST521,no
TEST522,no
TEST523,no
TEST524,yes
TEST525,no
TEST526,no
TEST527,no
TEST528,no
TEST529,no
TEST530,no
TEST531,no
TEST532,no
TEST533,no
TEST534,no
TEST535,no
TEST536,no
TEST537,no
TEST538,no
TEST539,no
TEST540,no
TEST541,no
TEST542,no
TEST543,no
TEST544,no
TEST545,no
TEST546,no
TEST547,no
TEST548,no
TEST549,no
TEST550,no
TEST551,no
TEST552,no
TEST553,no
TEST554,no
TEST555,no
TEST556,no
TEST557,no
TEST558,no
TEST559,no
TEST560,no
TEST561,no
TEST562,no
TEST563,no
TEST564,no
TEST565,no
TEST566,no
TEST567,no
TEST568,no
TEST569,no
TEST570,no
TEST571,no
TEST572,no
TEST573,no
TEST574,no
TEST575,no
TEST576,no
TEST577,no
TEST578,no
TEST579,no
TEST580,no
TEST581,no
TEST582,no
TEST583,no
TEST584,no
TEST585,no
TEST586,no
TEST587,no
TEST588,no
TEST589,no
TEST590,no
TEST591,no
TEST592,no
TEST593,no
TEST594,no
TEST595,no
TEST596,no
TEST597,no
TEST598,no
TEST599,no
TEST600,no
TEST601,no
TEST602,no
TEST603,no
TEST604,no
TEST605,no
TEST606,no
TEST607,no
TEST608,no
TEST609,no
TEST610,no
TEST611,no
TEST612,no
TEST613,no
TEST614,no
TEST615,no
TEST616,no
TEST617,no
TEST618,no
TEST619,no
TEST620,no
TEST621,no
TEST622,no
TEST623,no
TEST624,no
TEST625,no
TEST626,no
TEST627,no
TEST628,no
TEST629,no
TEST630,no
TEST631,no
TEST632,no
TEST633,no
TEST634,no
TEST635,no
TEST636,no
TEST637,no
TEST638,no
TEST639,no
TEST640,no
TEST641,no
TEST642,no
TEST643,no
TEST644,no
TEST645,no
TEST646,no
TEST647,no
TEST648,no
TEST649,no
TEST650,no
TEST651,no
TEST652,no
TEST653,no
TEST654,no
TEST655,no
TEST656,no
TEST657,no
TEST658,no
TEST659,no
TEST660,no
TEST661,no
TEST662,no
TEST663,no
TEST664,no
TEST665,no
TEST666,no
TEST667,no
TEST668,no
TEST669,no
TEST670,no
TEST671,no
TEST672,no
TEST673,no
TEST674,no
TEST675,no
TEST676,no
TEST677,no
TEST678,no
TEST679,no
TEST680,no
TEST681,no
TEST682,no
TEST683,no
TEST684,no
TEST685,no
TEST686,no
TEST687,no
TEST688,no
TEST689,no
TEST690,no
TEST691,no
TEST692,no
TEST693,no
TEST694,no
TEST695,no
TEST696,no
TEST697,no
TEST698,no
TEST699,no
TEST700,no
TEST701,no
TEST702,no
TEST703,no
TEST704,no
TEST705,no
TEST706,no
TEST707,no
TEST708,no
TEST709,no
TEST710,no
TEST711,no
TEST712,no
TEST713,no
TEST714,no
TEST715,no
TEST716,no
TEST717,no
TEST718,no
TEST719,no
TEST720,yes
TEST721,no
TEST722,no
TEST723,no
TEST724,no
TEST725,no
TEST726,no
TEST727,no
TEST728,no
TEST729,no
TEST730,no
TEST731,no
TEST732,no
TEST733,no
TEST734,no
TEST735,no
TEST736,no
TEST737,no
TEST738,no
TEST739,no
TEST740,no
TEST741,no
TEST742,no
TEST743,no
TEST744,no
TEST745,no
TEST746,no
TEST747,no
TEST748,no
TEST749,no
TEST750,no
TEST751,no
TEST752,no
TEST753,no
TEST754,no
TEST755,no
TEST756,no
TEST757,no
TEST758,no
TEST759,no
TEST760,no
TEST761,no
TEST762,no
TEST763,no
TEST764,no
TEST765,no
TEST766,no
TEST767,no
TEST768,no
TEST769,no
TEST770,no
TEST771,no
TEST772,no
TEST773,no
TEST774,no
TEST775,no
TEST776,no
TEST777,no
TEST778,no
TEST779,no
TEST780,no
TEST781,no
TEST782,no
TEST783,no
TEST784,no
TEST785,no
TEST786,no
TEST787,no
TEST788,no
TEST789,no
TEST790,no
TEST791,no
TEST792,no
TEST793,yes
TEST794,no
TEST795,no
TEST796,no
TEST797,no
TEST798,no
TEST799,no
TEST800,no
TEST801,no
TEST802,no
TEST803,no
TEST804,no
TEST805,no
TEST806,no
TEST807,no
TEST808,no
TEST809,no
TEST810,no
TEST811,no
TEST812,no
TEST813,no
TEST814,no
TEST815,no
TEST816,no
TEST817,no
TEST818,no
TEST819,no
TEST820,no
TEST821,no
TEST822,no
TEST823,no
TEST824,no
TEST825,no
TEST826,no
TEST827,no
TEST828,no
TEST829,no
TEST830,no
TEST831,no
TEST832,no
TEST833,no
TEST834,no
TEST835,no
TEST836,no
TEST837,no
TEST838,no
TEST839,no
TEST840,no
TEST841,no
TEST842,no
TEST843,no
TEST844,no
TEST845,no
TEST846,no
TEST847,no
TEST848,no
TEST849,no
TEST850,no
TEST851,no
TEST852,no
TEST853,no
TEST854,no
TEST855,no
TEST856,no
TEST857,no
TEST858,no
TEST859,no
TEST860,no
TEST861,no
TEST862,no
TEST863,no
TEST864,no
TEST865,no
TEST866,no
TEST867,no
TEST868,no
TEST869,no
TEST870,no
TEST871,no
TEST872,no
TEST873,no
TEST874,no
TEST875,no
TEST876,no
TEST877,no
TEST878,no
TEST879,no
TEST880,no
TEST881,no
TEST882,no
TEST883,no
TEST884,no
TEST885,no
TEST886,no
TEST887,no
TEST888,no
TEST889,no
TEST890,no
TEST891,no
TEST892,no
TEST893,no
TEST894,no
TEST895,no
TEST896,no
TEST897,no
TEST898,no
TEST899,no
TEST900,no
TEST901,no
TEST902,no
TEST903,no
TEST904,no
TEST905,no
TEST906,no
TEST907,no
TEST908,no
TEST909,no
TEST910,no
TEST911,no
TEST912,no
TEST913,no
TEST914,no
TEST915,no
TEST916,no
TEST917,no
TEST918,no
TEST919,no
TEST920,no
TEST921,no
TEST922,no
TEST923,no
TEST924,no
TEST925,no
TEST926,no
TEST927,no
TEST928,no
TEST929,no
TEST930,no
TEST931,no
TEST932,no
TEST933,no
TEST934,no
TEST935,no
TEST936,no
TEST937,no
TEST938,no
TEST939,no
TEST940,no
TEST941,no
TEST942,no
TEST943,no
TEST944,no
TEST945,no
TEST946,no
TEST947,no
TEST948,no
TEST949,no
TEST950,no
TEST951,no
TEST952,no
TEST953,no
TEST954,no
TEST955,no
TEST956,no
TEST957,no
TEST958,no
TEST959,no
TEST960,no
TEST961,no
TEST962,no
TEST963,no
TEST964,no
TEST965,no
TEST966,no
TEST967,no
TEST968,no
TEST969,no
TEST970,no
TEST971,no
TEST972,no
TEST973,no
TEST974,no
TEST975,no
TEST976,no
TEST977,no
TEST978,no
TEST979,no
TEST980,no
TEST981,no
TEST982,no
TEST983,no
TEST984,no
TEST985,no
TEST986,no
TEST987,no
TEST988,no
TEST989,no
TEST990,no
TEST991,no
TEST992,no
TEST993,no
TEST994,no
TEST995,no
TEST996,no
TEST997,no
TEST998,no
TEST999,no
TEST1000,no
TEST1001,no
TEST1002,no
TEST1003,no
TEST1004,no
TEST1005,no
TEST1006,no
TEST1007,no
TEST1008,no
TEST1009,no
TEST1010,no
TEST1011,no
TEST1012,no
TEST1013,no
TEST1014,no
TEST1015,no
TEST1016,no
TEST1017,no
TEST1018,no
TEST1019,no
TEST1020,no
TEST1021,no
TEST1022,no
TEST1023,no
TEST1024,no
TEST1025,no
TEST1026,no
TEST1027,no
TEST1028,no
TEST1029,no
TEST1030,no
TEST1031,no
TEST1032,no
TEST1033,no
TEST1034,no
TEST1035,no
TEST1036,no
TEST1037,no
TEST1038,no
TEST1039,no
TEST1040,no
TEST1041,no
TEST1042,no
TEST1043,no
TEST1044,no
TEST1045,no
TEST1046,no
TEST1047,no
TEST1048,no
TEST1049,no
TEST1050,no
TEST1051,no
TEST1052,no
TEST1053,no
TEST1054,no
TEST1055,no
TEST1056,no
TEST1057,no
TEST1058,no
TEST1059,no
TEST1060,no
TEST1061,no
TEST1062,no
TEST1063,yes
TEST1064,no
TEST1065,no
TEST1066,no
TEST1067,no
TEST1068,no
TEST1069,no
TEST1070,no
TEST1071,no
TEST1072,no
TEST1073,no
TEST1074,no
TEST1075,no
TEST1076,no
TEST1077,no
TEST1078,no
TEST1079,no
TEST1080,no
TEST1081,no
TEST1082,no
TEST1083,no
TEST1084,no
TEST1085,no
TEST1086,no
TEST1087,no
TEST1088,no
TEST1089,no
TEST1090,no
TEST1091,no
TEST1092,no
TEST1093,no
TEST1094,no
TEST1095,no
TEST1096,no
TEST1097,no
TEST1098,no
TEST1099,no
TEST1100,no
TEST1101,no
TEST1102,no
TEST1103,no
TEST1104,no
TEST1105,no
TEST1106,no
TEST1107,no
TEST1108,no
TEST1109,no
TEST1110,no
TEST1111,no
TEST1112,no
TEST1113,no
TEST1114,no
TEST1115,no
TEST1116,no
TEST1117,no
TEST1118,no
TEST1119,no
TEST1120,no
TEST1121,no
TEST1122,no
TEST1123,no
TEST1124,no
TEST1125,no
TEST1126,no
TEST1127,no
TEST1128,no
TEST1129,no
TEST1130,no
TEST1131,no
TEST1132,no
TEST1133,no
TEST1134,no
TEST1135,no
TEST1136,no
TEST1137,no
TEST1138,no
TEST1139,no
TEST1140,no
TEST1141,no
TEST1142,no
TEST1143,no
TEST1144,no
TEST1145,no
TEST1146,no
TEST1147,no
TEST1148,no
TEST1149,no
TEST1150,no
TEST1151,no
TEST1152,no
TEST1153,no
TEST1154,no
TEST1155,no
TEST1156,no
TEST1157,no
TEST1158,no
TEST1159,no
TEST1160,no
TEST1161,no
TEST1162,no
TEST1163,no
TEST1164,no
TEST1165,no
TEST1166,no
TEST1167,no
TEST1168,no
TEST1169,no
TEST1170,no
TEST1171,no
TEST1172,no
TEST1173,no
TEST1174,no
TEST1175,no
TEST1176,no
TEST1177,no
TEST1178,no
TEST1179,no
TEST1180,no
TEST1181,no
TEST1182,no
TEST1183,no
TEST1184,no
TEST1185,no
TEST1186,no
TEST1187,no
TEST1188,no
TEST1189,no
TEST1190,no
TEST1191,no
TEST1192,no
TEST1193,no
TEST1194,no
TEST1195,no
TEST1196,no
TEST1197,no
TEST1198,no
TEST1199,no
TEST1200,no
TEST1201,no
TEST1202,no
TEST1203,yes
TEST1204,no
TEST1205,no
TEST1206,no
TEST1207,no
TEST1208,no
TEST1209,no
TEST1210,no
TEST1211,no
TEST1212,no
TEST1213,no
TEST1214,no
TEST1215,no
TEST1216,no
TEST1217,no
TEST1218,no
TEST1219,no
TEST1220,no
TEST1221,no
TEST1222,no
TEST1223,no
TEST1224,no
TEST1225,no
TEST1226,no
TEST1227,no
TEST1228,no
TEST1229,no
TEST1230,no
TEST1231,no
TEST1232,no
TEST1233,no
TEST1234,no
TEST1235,no
TEST1236,no
TEST1237,no
TEST1238,no
TEST1239,no
TEST1240,no
TEST1241,no
TEST1242,no
TEST1243,no
TEST1244,no
TEST1245,no
TEST1246,no
TEST1247,no
TEST1248,no
TEST1249,no
TEST1250,no
TEST1251,no
TEST1252,no
TEST1253,no
TEST1254,no
TEST1255,no
TEST1256,no
TEST1257,no
TEST1258,no
TEST1259,no
TEST1260,no
TEST1261,no
TEST1262,no
TEST1263,no
TEST1264,no
TEST1265,no
TEST1266,no
TEST1267,no
TEST1268,no
TEST1269,no
TEST1270,no
TEST1271,no
TEST1272,no
TEST1273,no
TEST1274,no
TEST1275,no
TEST1276,no
TEST1277,no
TEST1278,no
TEST1279,no
TEST1280,no
TEST1281,no
TEST1282,no
TEST1283,no
TEST1284,no
TEST1285,no
TEST1286,no
TEST1287,no
TEST1288,no
TEST1289,no
TEST1290,no
TEST1291,no
TEST1292,no
TEST1293,no
TEST1294,no
TEST1295,no
TEST1296,no
TEST1297,no
TEST1298,no
TEST1299,no
TEST1300,no
TEST1301,no
TEST1302,no
TEST1303,no
TEST1304,no
TEST1305,no
TEST1306,no
TEST1307,no
TEST1308,no
TEST1309,no
TEST1310,no
TEST1311,no
TEST1312,no
TEST1313,no
TEST1314,no
TEST1315,no
TEST1316,no
TEST1317,no
TEST1318,no
TEST1319,no
TEST1320,no
TEST1321,no
TEST1322,no
TEST1323,no
TEST1324,no
TEST1325,no
TEST1326,no
TEST1327,no
TEST1328,no
TEST1329,no
TEST1330,no
TEST1331,no
TEST1332,no
TEST1333,no
TEST1334,no
TEST1335,no
TEST1336,no
TEST1337,no
TEST1338,no
TEST1339,no
TEST1340,no
TEST1341,no
TEST1342,no
TEST1343,no
TEST1344,no
TEST1345,no
TEST1346,no
TEST1347,no
TEST1348,no
TEST1349,no
TEST1350,no
TEST1351,no
TEST1352,no
TEST1353,no
TEST1354,no
TEST1355,no
TEST1356,no
TEST1357,no
TEST1358,no
TEST1359,no
TEST1360,no
TEST1361,no
TEST1362,no
TEST1363,no
TEST1364,no
TEST1365,no
TEST1366,no
TEST1367,no
TEST1368,no
TEST1369,no
TEST1370,no
TEST1371,no
TEST1372,no
TEST1373,no
TEST1374,no
TEST1375,yes
TEST1376,no
TEST1377,no
TEST1378,no
TEST1379,no
TEST1380,no
TEST1381,no
TEST1382,no
TEST1383,no
TEST1384,no
TEST1385,no
TEST1386,no
TEST1387,no
TEST1388,no
TEST1389,no
TEST1390,no
TEST1391,no
TEST1392,no
TEST1393,no
TEST1394,no
TEST1395,no
TEST1396,no
TEST1397,no
TEST1398,no
TEST1399,no
TEST1400,no
TEST1401,no
TEST1402,no
TEST1403,no
TEST1404,no
TEST1405,no
TEST1406,no
TEST1407,no
TEST1408,no
TEST1409,no
TEST1410,no
TEST1411,no
TEST1412,no
TEST1413,no
TEST1414,no
TEST1415,no
TEST1416,no
TEST1417,no
TEST1418,no
TEST1419,no
TEST1420,no
TEST1421,no
TEST1422,no
TEST1423,no
TEST1424,no
TEST1425,no
TEST1426,no
TEST1427,no
TEST1428,no
TEST1429,no
TEST1430,no
TEST1431,no
TEST1432,no
TEST1433,no
TEST1434,no
TEST1435,no
TEST1436,no
TEST1437,no
TEST1438,no
TEST1439,no
TEST1440,no
TEST1441,no
TEST1442,no
TEST1443,no
TEST1444,no
TEST1445,no
TEST1446,no
TEST1447,no
TEST1448,no
TEST1449,no
TEST1450,no
TEST1451,no
TEST1452,no
TEST1453,no
TEST1454,no
TEST1455,no
TEST1456,no
TEST1457,no
TEST1458,no
TEST1459,no
TEST1460,no
TEST1461,no
TEST1462,no
TEST1463,no
TEST1464,yes
TEST1465,no
TEST1466,no
TEST1467,no
TEST1468,no
TEST1469,no
TEST1470,no
TEST1471,no
TEST1472,no
TEST1473,no
TEST1474,no
TEST1475,no
TEST1476,no
TEST1477,no
TEST1478,no
TEST1479,no
TEST1480,yes
TEST1481,no
TEST1482,no
TEST1483,no
TEST1484,no
TEST1485,no
TEST1486,no
TEST1487,no
TEST1488,no
TEST1489,no
TEST1490,no
TEST1491,no
TEST1492,no
TEST1493,no
TEST1494,no
TEST1495,no
TEST1496,no
TEST1497,no
TEST1498,no
TEST1499,no
TEST1500,no
TEST1501,no
TEST1502,no
TEST1503,no
TEST1504,no
TEST1505,no
TEST1506,no
TEST1507,no
TEST1508,no
TEST1509,no
TEST1510,no
TEST1511,no
TEST1512,no
TEST1513,no
TEST1514,no
TEST1515,no
TEST1516,no
TEST1517,no
TEST1518,no
TEST1519,no
TEST1520,no
TEST1521,no
TEST1522,no
TEST1523,no
TEST1524,no
TEST1525,no
TEST1526,no
TEST1527,no
TEST1528,no
TEST1529,no
TEST1530,no
TEST1531,no
TEST1532,no
TEST1533,no
TEST1534,no
TEST1535,no
TEST1536,no
TEST1537,no
TEST1538,no
TEST1539,no
TEST1540,no
TEST1541,no
TEST1542,no
TEST1543,no
TEST1544,no
TEST1545,no
TEST1546,no
TEST1547,no
TEST1548,no
TEST1549,no
TEST1550,no
TEST1551,no
TEST1552,no
TEST1553,no
TEST1554,no
TEST1555,no
TEST1556,no
TEST1557,no
TEST1558,no
TEST1559,no
TEST1560,no
TEST1561,no
TEST1562,no
TEST1563,no
TEST1564,no
TEST1565,no
TEST1566,no
TEST1567,no
TEST1568,no
TEST1569,no
TEST1570,no
TEST1571,no
TEST1572,no
TEST1573,no
TEST1574,no
TEST1575,no
TEST1576,no
TEST1577,no
TEST1578,no
TEST1579,no
TEST1580,no
TEST1581,no
TEST1582,no
TEST1583,no
TEST1584,no
TEST1585,no
TEST1586,no
TEST1587,no
TEST1588,no
TEST1589,no
TEST1590,no
TEST1591,no
TEST1592,no
TEST1593,no
TEST1594,no
TEST1595,no
TEST1596,no
TEST1597,no
TEST1598,no
TEST1599,no
TEST1600,no
TEST1601,no
TEST1602,no
TEST1603,no
TEST1604,no
TEST1605,no
TEST1606,yes
TEST1607,no
TEST1608,no
TEST1609,no
TEST1610,no
TEST1611,no
TEST1612,no
TEST1613,no
TEST1614,no
TEST1615,no
TEST1616,no
TEST1617,no
TEST1618,no
TEST1619,no
TEST1620,no
TEST1621,no
TEST1622,no
TEST1623,no
TEST1624,no
TEST1625,no
TEST1626,no
TEST1627,no
TEST1628,yes
TEST1629,no
TEST1630,no
TEST1631,no
TEST1632,no
TEST1633,no
TEST1634,no
TEST1635,no
TEST1636,no
TEST1637,no
TEST1638,no
TEST1639,no
TEST1640,no
TEST1641,no
TEST1642,no
TEST1643,no
TEST1644,no
TEST1645,no
TEST1646,no
TEST1647,no
TEST1648,no
TEST1649,no
TEST1650,no
TEST1651,no
TEST1652,no
TEST1653,no
TEST1654,no
TEST1655,no
TEST1656,no
TEST1657,yes
TEST1658,no
TEST1659,no
TEST1660,no
TEST1661,no
TEST1662,no
TEST1663,no
TEST1664,no
TEST1665,no
TEST1666,no
TEST1667,no
TEST1668,no
TEST1669,no
TEST1670,no
TEST1671,no
TEST1672,no
TEST1673,no
TEST1674,no
TEST1675,no
TEST1676,no
TEST1677,no
TEST1678,no
TEST1679,no
TEST1680,no
TEST1681,no
TEST1682,no
TEST1683,no
TEST1684,no
TEST1685,no
TEST1686,no
TEST1687,yes
TEST1688,no
TEST1689,no
TEST1690,no
TEST1691,no
TEST1692,yes
TEST1693,no
TEST1694,no
TEST1695,no
TEST1696,no
TEST1697,no
TEST1698,no
TEST1699,no
TEST1700,no
TEST1701,no
TEST1702,yes
TEST1703,no
TEST1704,no
TEST1705,no
TEST1706,no
TEST1707,no
TEST1708,no
TEST1709,no
TEST1710,no
TEST1711,no
TEST1712,no
TEST1713,no
TEST1714,no
TEST1715,no
TEST1716,no
TEST1717,no
TEST1718,no
TEST1719,no
TEST1720,no
TEST1721,no
TEST1722,no
TEST1723,no
TEST1724,no
TEST1725,no
TEST1726,no
TEST1727,no
TEST1728,no
TEST1729,no
TEST1730,no
TEST1731,no
TEST1732,no
TEST1733,no
TEST1734,no
TEST1735,no
TEST1736,no
TEST1737,no
TEST1738,yes
TEST1739,no
TEST1740,no
TEST1741,no
TEST1742,no
TEST1743,no
TEST1744,no
TEST1745,no
TEST1746,no
TEST1747,no
TEST1748,no
TEST1749,no
TEST1750,no
TEST1751,no
TEST1752,no
TEST1753,no
TEST1754,no
TEST1755,no
TEST1756,no
TEST1757,no
TEST1758,no
TEST1759,no
TEST1760,no
TEST1761,no
TEST1762,no
TEST1763,no
TEST1764,no
TEST1765,no
TEST1766,no
TEST1767,no
TEST1768,no
TEST1769,no
TEST1770,no
TEST1771,no
TEST1772,no
TEST1773,no
TEST1774,no
TEST1775,no
TEST1776,no
TEST1777,no
TEST1778,no
TEST1779,no
TEST1780,no
TEST1781,no
TEST1782,no
TEST1783,no
TEST1784,no
TEST1785,no
TEST1786,no
TEST1787,no
TEST1788,no
TEST1789,no
TEST1790,no
TEST1791,no
TEST1792,no
TEST1793,no
TEST1794,no
TEST1795,yes
TEST1796,no
TEST1797,no
TEST1798,no
TEST1799,no
TEST1800,no
TEST1801,no
TEST1802,no
TEST1803,no
TEST1804,no
TEST1805,no
TEST1806,no
TEST1807,no
TEST1808,no
TEST1809,no
TEST1810,no
TEST1811,no
TEST1812,no
TEST1813,no
TEST1814,no
TEST1815,no
TEST1816,no
TEST1817,no
TEST1818,no
TEST1819,no
TEST1820,no
TEST1821,no
TEST1822,no
TEST1823,no
TEST1824,no
TEST1825,no
TEST1826,no
TEST1827,no
TEST1828,no
TEST1829,no
TEST1830,no
TEST1831,no
TEST1832,no
TEST1833,no
TEST1834,no
TEST1835,no
TEST1836,no
TEST1837,no
TEST1838,no
TEST1839,no
TEST1840,no
TEST1841,no
TEST1842,no
TEST1843,no
TEST1844,no
TEST1845,no
TEST1846,no
TEST1847,no
TEST1848,no
TEST1849,no
TEST1850,no
TEST1851,no
TEST1852,no
TEST1853,no
TEST1854,yes
TEST1855,no
TEST1856,no
TEST1857,no
TEST1858,no
TEST1859,no
TEST1860,no
TEST1861,no
TEST1862,no
TEST1863,no
TEST1864,no
TEST1865,no
TEST1866,no
TEST1867,no
TEST1868,no
TEST1869,no
TEST1870,no
TEST1871,no
TEST1872,no
TEST1873,no
TEST1874,no
TEST1875,no
TEST1876,no
TEST1877,no
TEST1878,no
TEST1879,no
TEST1880,no
TEST1881,no
TEST1882,no
TEST1883,no
TEST1884,no
TEST1885,no
TEST1886,no
TEST1887,no
TEST1888,no
TEST1889,no
TEST1890,no
TEST1891,no
TEST1892,no
TEST1893,no
TEST1894,no
TEST1895,no
TEST1896,no
TEST1897,no
TEST1898,no
TEST1899,no
TEST1900,no
TEST1901,no
TEST1902,no
TEST1903,no
TEST1904,no
TEST1905,no
TEST1906,no
TEST1907,no
TEST1908,no
TEST1909,no
TEST1910,no
TEST1911,no
TEST1912,no
TEST1913,no
TEST1914,no
TEST1915,no
TEST1916,yes
TEST1917,no
TEST1918,no
TEST1919,no
TEST1920,no
TEST1921,no
TEST1922,no
TEST1923,no
TEST1924,no
TEST1925,no
TEST1926,no
TEST1927,no
TEST1928,no
TEST1929,no
TEST1930,no
TEST1931,no
TEST1932,no
TEST1933,no
TEST1934,no
TEST1935,no
TEST1936,no
TEST1937,no
TEST1938,no
TEST1939,no
TEST1940,no
TEST1941,no
TEST1942,no
TEST1943,no
TEST1944,no
TEST1945,no
TEST1946,no
TEST1947,no
TEST1948,no
TEST1949,no
TEST1950,no
TEST1951,no
TEST1952,no
TEST1953,no
TEST1954,no
TEST1955,no
TEST1956,no
TEST1957,no
TEST1958,no
TEST1959,no
TEST1960,no
TEST1961,no
TEST1962,no
TEST1963,no
TEST1964,no
TEST1965,no
TEST1966,no
TEST1967,no
TEST1968,no
TEST1969,no
TEST1970,yes
TEST1971,no
TEST1972,no
TEST1973,no
TEST1974,no
TEST1975,no
TEST1976,no
TEST1977,no
TEST1978,no
TEST1979,no
TEST1980,no
TEST1981,no
TEST1982,no
TEST1983,no
TEST1984,no
TEST1985,no
TEST1986,no
TEST1987,no
TEST1988,no
TEST1989,no
TEST1990,no
TEST1991,no
TEST1992,no
TEST1993,no
TEST1994,no
TEST1995,no
TEST1996,no
TEST1997,no
TEST1998,no
TEST1999,no
TEST2000,no
TEST2001,no
TEST2002,no
TEST2003,no
TEST2004,no
TEST2005,no
TEST2006,no
TEST2007,no
TEST2008,no
TEST2009,no
TEST2010,no
TEST2011,no
TEST2012,no
TEST2013,no
TEST2014,no
TEST2015,no
TEST2016,no
TEST2017,no
TEST2018,no
TEST2019,no
TEST2020,no
TEST2021,no
TEST2022,no
TEST2023,no
TEST2024,no
TEST2025,no
TEST2026,yes
TEST2027,no
TEST2028,no
TEST2029,no
TEST2030,no
TEST2031,no
TEST2032,no
TEST2033,no
TEST2034,no
TEST2035,yes
TEST2036,no
TEST2037,no
TEST2038,no
TEST2039,no
TEST2040,no
TEST2041,yes
TEST2042,no
TEST2043,no
TEST2044,no
TEST2045,no
TEST2046,no
TEST2047,no
TEST2048,no
TEST2049,yes
TEST2050,no
TEST2051,no
TEST2052,no
TEST2053,no
TEST2054,no
TEST2055,no
TEST2056,no
TEST2057,no
TEST2058,no
TEST2059,no
TEST2060,no
TEST2061,no
TEST2062,no
TEST2063,no
TEST2064,no
TEST2065,no
TEST2066,no
TEST2067,no
TEST2068,no
TEST2069,no
TEST2070,no
TEST2071,no
TEST2072,no
TEST2073,no
TEST2074,no
TEST2075,no
TEST2076,no
TEST2077,no
TEST2078,no
TEST2079,no
TEST2080,no
TEST2081,no
TEST2082,no
TEST2083,no
TEST2084,no
TEST2085,no
TEST2086,no
TEST2087,no
TEST2088,no
TEST2089,no
TEST2090,no
TEST2091,no
TEST2092,no
TEST2093,no
TEST2094,no
TEST2095,no
TEST2096,no
TEST2097,no
TEST2098,no
TEST2099,no
TEST2100,no
TEST2101,no
TEST2102,no
TEST2103,no
TEST2104,no
TEST2105,no
TEST2106,no
TEST2107,no
TEST2108,no
TEST2109,no
TEST2110,no
TEST2111,no
TEST2112,no
TEST2113,no
TEST2114,no
TEST2115,no
TEST2116,no
TEST2117,no
TEST2118,no
TEST2119,no
TEST2120,no
TEST2121,no
TEST2122,no
TEST2123,no
TEST2124,no
TEST2125,no
TEST2126,no
TEST2127,no
TEST2128,no
TEST2129,no
TEST2130,no
TEST2131,no
TEST2132,no
TEST2133,no
TEST2134,no
TEST2135,no
TEST2136,no
TEST2137,no
TEST2138,yes
TEST2139,no
TEST2140,no
TEST2141,no
TEST2142,no
TEST2143,no
TEST2144,no
TEST2145,no
TEST2146,no
TEST2147,no
TEST2148,no
TEST2149,no
TEST2150,no
TEST2151,no
TEST2152,no
TEST2153,no
TEST2154,no
TEST2155,no
TEST2156,no
TEST2157,no
TEST2158,no
TEST2159,no
TEST2160,no
TEST2161,no
TEST2162,no
TEST2163,no
TEST2164,no
TEST2165,no
TEST2166,no
TEST2167,no
TEST2168,no
TEST2169,no
TEST2170,no
TEST2171,no
TEST2172,no
TEST2173,no
TEST2174,no
TEST2175,no
TEST2176,no
TEST2177,no
TEST2178,no
TEST2179,no
TEST2180,no
TEST2181,no
TEST2182,no
TEST2183,no
TEST2184,no
TEST2185,no
TEST2186,no
TEST2187,no
TEST2188,no
TEST2189,yes
TEST2190,no
TEST2191,yes
TEST2192,no
TEST2193,no
TEST2194,no
TEST2195,no
TEST2196,no
TEST2197,no
TEST2198,no
TEST2199,no
TEST2200,no
TEST2201,no
TEST2202,no
TEST2203,no
TEST2204,no
TEST2205,no
TEST2206,no
TEST2207,no
TEST2208,no
TEST2209,no
TEST2210,yes
TEST2211,no
TEST2212,no
TEST2213,no
TEST2214,no
TEST2215,no
TEST2216,no
TEST2217,no
TEST2218,no
TEST2219,no
TEST2220,no
TEST2221,no
TEST2222,no
TEST2223,no
TEST2224,no
TEST2225,no
TEST2226,no
TEST2227,no
TEST2228,no
TEST2229,no
TEST2230,no
TEST2231,no
TEST2232,no
TEST2233,no
TEST2234,yes
TEST2235,no
TEST2236,no
TEST2237,no
TEST2238,no
TEST2239,no
TEST2240,no
TEST2241,no
TEST2242,no
TEST2243,no
TEST2244,no
TEST2245,no
TEST2246,no
TEST2247,no
TEST2248,no
TEST2249,no
TEST2250,no
TEST2251,no
TEST2252,no
TEST2253,no
TEST2254,no
TEST2255,no
TEST2256,no
TEST2257,no
TEST2258,no
TEST2259,no
TEST2260,no
TEST2261,no
TEST2262,no
TEST2263,no
TEST2264,no
TEST2265,no
TEST2266,no
TEST2267,no
TEST2268,no
TEST2269,no
TEST2270,no
TEST2271,no
TEST2272,no
TEST2273,no
TEST2274,no
TEST2275,no
TEST2276,no
TEST2277,no
TEST2278,no
TEST2279,no
TEST2280,no
TEST2281,no
TEST2282,no
TEST2283,no
TEST2284,no
TEST2285,no
TEST2286,no
TEST2287,no
TEST2288,no
TEST2289,no
TEST2290,no
TEST2291,no
TEST2292,no
TEST2293,no
TEST2294,no
TEST2295,no
TEST2296,no
TEST2297,no
TEST2298,no
TEST2299,no
TEST2300,no
TEST2301,no
TEST2302,no
TEST2303,no
TEST2304,no
TEST2305,no
TEST2306,no
TEST2307,no
TEST2308,no
TEST2309,no
TEST2310,no
TEST2311,no
TEST2312,no
TEST2313,no
TEST2314,no
TEST2315,no
TEST2316,no
TEST2317,no
TEST2318,no
TEST2319,no
TEST2320,no
TEST2321,no
TEST2322,no
TEST2323,no
TEST2324,no
TEST2325,no
TEST2326,no
TEST2327,no
TEST2328,no
TEST2329,no
TEST2330,no
TEST2331,no
TEST2332,no
TEST2333,no
TEST2334,no
TEST2335,no
TEST2336,no
TEST2337,no
TEST2338,no
TEST2339,no
TEST2340,no
TEST2341,no
TEST2342,no
TEST2343,no
TEST2344,no
TEST2345,no
TEST2346,no
TEST2347,no
TEST2348,no
TEST2349,no
TEST2350,no
TEST2351,yes
TEST2352,no
TEST2353,no
TEST2354,no
TEST2355,no
TEST2356,no
TEST2357,no
TEST2358,no
TEST2359,no
TEST2360,no
TEST2361,no
TEST2362,no
TEST2363,no
TEST2364,no
TEST2365,no
TEST2366,no
TEST2367,no
TEST2368,yes
TEST2369,no
TEST2370,no
TEST2371,no
TEST2372,yes
TEST2373,no
TEST2374,no
TEST2375,no
TEST2376,no
TEST2377,no
TEST2378,no
TEST2379,no
TEST2380,no
TEST2381,no
TEST2382,no
TEST2383,no
TEST2384,no
TEST2385,no
TEST2386,no
TEST2387,no
TEST2388,no
TEST2389,no
TEST2390,no
TEST2391,no
TEST2392,no
TEST2393,no
TEST2394,no
TEST2395,no
TEST2396,no
TEST2397,no
TEST2398,yes
TEST2399,no
TEST2400,no
TEST2401,yes
TEST2402,no
TEST2403,no
TEST2404,no
TEST2405,no
TEST2406,no
TEST2407,no
TEST2408,no
TEST2409,no
TEST2410,no
TEST2411,no
TEST2412,no
TEST2413,no
TEST2414,no
TEST2415,no
TEST2416,no
TEST2417,no
TEST2418,no
TEST2419,no
TEST2420,yes
TEST2421,no
TEST2422,yes
TEST2423,no
TEST2424,no
TEST2425,no
TEST2426,no
TEST2427,no
TEST2428,no
TEST2429,yes
TEST2430,yes
TEST2431,no
TEST2432,no
TEST2433,no
TEST2434,no
TEST2435,yes
TEST2436,no
TEST2437,no
TEST2438,no
TEST2439,no
TEST2440,yes
TEST2441,no
TEST2442,no
TEST2443,no
TEST2444,no
TEST2445,no
TEST2446,yes
TEST2447,no
TEST2448,yes
TEST2449,yes
TEST2450,no
TEST2451,no
TEST2452,no
TEST2453,yes
TEST2454,no
TEST2455,no
TEST2456,no
TEST2457,no
TEST2458,no
TEST2459,no
TEST2460,no
TEST2461,no
TEST2462,no
TEST2463,no
TEST2464,no
TEST2465,no
TEST2466,no
TEST2467,yes
TEST2468,no
TEST2469,no
TEST2470,no
TEST2471,no
TEST2472,yes
TEST2473,no
TEST2474,no
TEST2475,no
TEST2476,no
TEST2477,yes
TEST2478,yes
TEST2479,no
TEST2480,no
TEST2481,no
TEST2482,no
TEST2483,no
TEST2484,yes
TEST2485,no
TEST2486,no
TEST2487,no
TEST2488,no
TEST2489,no
TEST2490,no
TEST2491,no
TEST2492,no
TEST2493,yes
TEST2494,no
TEST2495,no
TEST2496,no
TEST2497,no
TEST2498,no
TEST2499,yes
TEST2500,no
TEST2501,no
TEST2502,no
TEST2503,no
TEST2504,no
TEST2505,no
TEST2506,no
TEST2507,no
TEST2508,no
TEST2509,no
TEST2510,no
TEST2511,no
TEST2512,no
TEST2513,no
TEST2514,no
TEST2515,yes
TEST2516,no
TEST2517,no
TEST2518,no
TEST2519,no
TEST2520,no
TEST2521,no
TEST2522,no
TEST2523,no
TEST2524,no
TEST2525,no
TEST2526,no
TEST2527,no
TEST2528,no
TEST2529,no
TEST2530,no
TEST2531,no
TEST2532,no
TEST2533,no
TEST2534,no
TEST2535,no
TEST2536,no
TEST2537,yes
TEST2538,no
TEST2539,no
TEST2540,no
TEST2541,yes
TEST2542,yes
TEST2543,no
TEST2544,no
TEST2545,no
TEST2546,no
TEST2547,no
TEST2548,no
TEST2549,no
TEST2550,no
TEST2551,no
TEST2552,no
TEST2553,no
TEST2554,no
TEST2555,no
TEST2556,no
TEST2557,yes
TEST2558,no
TEST2559,no
TEST2560,no
TEST2561,no
TEST2562,no
TEST2563,no
TEST2564,no
TEST2565,no
TEST2566,no
TEST2567,yes
TEST2568,yes
TEST2569,yes
TEST2570,no
TEST2571,no
TEST2572,no
TEST2573,no
TEST2574,no
TEST2575,no
TEST2576,no
TEST2577,no
TEST2578,no
TEST2579,no
TEST2580,no
TEST2581,no
TEST2582,no
TEST2583,no
TEST2584,no
TEST2585,yes
TEST2586,yes
TEST2587,no
TEST2588,no
TEST2589,no
TEST2590,no
TEST2591,no
TEST2592,no
TEST2593,no
TEST2594,no
TEST2595,no
TEST2596,no
TEST2597,no
TEST2598,no
TEST2599,no
TEST2600,yes
TEST2601,no
TEST2602,no
TEST2603,no
TEST2604,no
TEST2605,no
TEST2606,no
TEST2607,no
TEST2608,no
TEST2609,no
TEST2610,no
TEST2611,no
TEST2612,yes
TEST2613,no
TEST2614,no
TEST2615,no
TEST2616,no
TEST2617,yes
TEST2618,no
TEST2619,yes
TEST2620,yes
TEST2621,no
TEST2622,no
TEST2623,no
TEST2624,no
TEST2625,no
TEST2626,no
TEST2627,no
TEST2628,no
TEST2629,no
TEST2630,no
TEST2631,no
TEST2632,no
TEST2633,no
TEST2634,no
TEST2635,no
TEST2636,no
TEST2637,yes
TEST2638,no
TEST2639,no
TEST2640,no
TEST2641,no
TEST2642,yes
TEST2643,no
TEST2644,yes
TEST2645,yes
TEST2646,no
TEST2647,no
TEST2648,yes
TEST2649,no
TEST2650,no
TEST2651,no
TEST2652,no
TEST2653,no
TEST2654,no
TEST2655,no
TEST2656,no
TEST2657,no
TEST2658,no
TEST2659,no
TEST2660,no
TEST2661,no
TEST2662,no
TEST2663,no
TEST2664,no
TEST2665,no
TEST2666,no
TEST2667,no
TEST2668,no
TEST2669,yes
TEST2670,no
TEST2671,no
TEST2672,no
TEST2673,no
TEST2674,no
TEST2675,yes
TEST2676,yes
TEST2677,no
TEST2678,no
TEST2679,yes
TEST2680,no
TEST2681,no
TEST2682,no
TEST2683,no
TEST2684,no
TEST2685,no
TEST2686,no
TEST2687,no
TEST2688,no
TEST2689,yes
TEST2690,no
TEST2691,no
TEST2692,yes
TEST2693,no
TEST2694,no
TEST2695,no
TEST2696,no
TEST2697,no
TEST2698,yes
TEST2699,no
TEST2700,no
